continent,avg_pop
Africa,9916003.142628206
Americas,24504794.996666666
Asia,77038721.97222222
Europe,17169764.733333334
Oceania,8874672.333333334
